{
  "input_path": "/Users/tshreek/Kreeda/backend/data/videos/pushups2.mp4",
  "output_path": "/Users/tshreek/Kreeda/backend/data/overlays/pushups2_overlay.mp4",
  "processing_params": {
    "sample_rate": 1,
    "scale": 1.0,
    "show_confidence": true
  },
  "video_info": {
    "fps": 25.0,
    "original_dimensions": [
      1280,
      720
    ],
    "output_dimensions": [
      1280,
      720
    ],
    "total_frames": 336,
    "duration": 13.44
  },
  "analysis_results": {
    "processed_frames": 336,
    "landmark_detections": 336,
    "detection_rate": 1.0,
    "average_confidence": 0.8178322503793773,
    "confidence_scores": [
      0.8431522810097897,
      0.8425784305189595,
      0.8420129133896395,
      0.8446777020439957,
      0.8455258680112434,
      0.8440246433019638,
      0.8410357552947421,
      0.8340007044149168,
      0.8274857821789655,
      0.8197302935701428,
      0.8078064602432828,
      0.8028154364137938,
      0.7989507258841486,
      0.7942281916286006,
      0.793048720016624,
      0.7895360898339387,
      0.7875716916539452,
      0.7873364048022212,
      0.7860471258560816,
      0.789004027391925,
      0.7924113467787252,
      0.7957077547907829,
      0.7959255607742252,
      0.7973297186421625,
      0.7993860346349803,
      0.8024101810473384,
      0.8083113102298795,
      0.8129040027658144,
      0.8171436933405472,
      0.8220584898283987,
      0.8271192023248384,
      0.8316808460336743,
      0.8314830426013831,
      0.8328251323916696,
      0.8345781510526483,
      0.8355758361744158,
      0.8364565611788721,
      0.8377025195143439,
      0.8381927130800305,
      0.8373995829712261,
      0.8368031441262274,
      0.8361629708246752,
      0.8364706843188314,
      0.8371539292010394,
      0.836706047708338,
      0.8372425265384443,
      0.8370845213983998,
      0.8370506835706306,
      0.8380439019564426,
      0.8385016444054517,
      0.840457586628018,
      0.8428119917710623,
      0.8444101571133642,
      0.8473741245089155,
      0.8493334086555423,
      0.8512727518876394,
      0.8538579787268783,
      0.8564373340570566,
      0.8582676500082016,
      0.8600058045351144,
      0.861942316998135,
      0.8639752476504354,
      0.8652914636062853,
      0.8656132365718032,
      0.865254208445549,
      0.8663525220119592,
      0.8677978208570769,
      0.8697149694869013,
      0.8719556295510494,
      0.8718076370882265,
      0.8716964252067335,
      0.8723164056286667,
      0.8739015581932935,
      0.8759282303578926,
      0.8763567800774719,
      0.8760929771445014,
      0.8751856779510324,
      0.8736218349500136,
      0.8744649426503615,
      0.8754969577897679,
      0.8762605903726636,
      0.8768559364658414,
      0.8770475915887139,
      0.8778167556632649,
      0.8787139292919275,
      0.8813233529076432,
      0.8834771780353604,
      0.884036975828084,
      0.8843221655397704,
      0.8833826536482031,
      0.8831711610158285,
      0.8846544853665612,
      0.887511360374364,
      0.8896382270437299,
      0.8911349050926439,
      0.8930756978013299,
      0.8930952815395413,
      0.8921583642562231,
      0.8918602746544462,
      0.8912794960267616
    ],
    "form_validation": {
      "proper_frames": 0,
      "improper_frames": 336
    }
  }
}