{
  "input_path": "/Users/tshreek/Kreeda/backend/data/videos/pushups.mp4",
  "output_path": "/Users/tshreek/Kreeda/backend/data/overlays/pushups_overlay.mp4",
  "processing_params": {
    "sample_rate": 1,
    "scale": 1.0,
    "show_confidence": true
  },
  "video_info": {
    "fps": 29.97002997002997,
    "original_dimensions": [
      1280,
      720
    ],
    "output_dimensions": [
      1280,
      720
    ],
    "total_frames": 922,
    "duration": 30.76406666666667
  },
  "analysis_results": {
    "processed_frames": 922,
    "landmark_detections": 922,
    "detection_rate": 1.0,
    "average_confidence": 0.8218752506294278,
    "confidence_scores": [
      0.8012470999789058,
      0.8007491600107063,
      0.8016092715164026,
      0.8033499160047733,
      0.8043290695006197,
      0.807007011590582,
      0.8116683422616033,
      0.8148005744724562,
      0.8181192743958849,
      0.8201959227973764,
      0.8222610647931243,
      0.8250023587183519,
      0.8277332922725966,
      0.8309024075667063,
      0.8330653702670877,
      0.8347486063386454,
      0.8364928166071574,
      0.8379114617904028,
      0.8391637314449657,
      0.8408253159035336,
      0.8419209549372847,
      0.8430776794751486,
      0.8444074640671412,
      0.8450470607389103,
      0.8451447087255392,
      0.8451058654622599,
      0.8453385310642647,
      0.8455981359337316,
      0.8458815058975508,
      0.8463728897499315,
      0.8471005660566416,
      0.8478160913694989,
      0.8486160299543178,
      0.8493158627640117,
      0.8498298568707524,
      0.850546993540995,
      0.8508897416970946,
      0.8510333489287983,
      0.8512635630640116,
      0.8514606200835921,
      0.8519249364282145,
      0.8525002309770295,
      0.8531586383328293,
      0.8534912270578471,
      0.8539798634521889,
      0.8542380599361478,
      0.8546702254450682,
      0.8549852872436697,
      0.8554450932777289,
      0.8558719742930296,
      0.8564968468113379,
      0.8568953370506113,
      0.8571637385722363,
      0.8572820784016089,
      0.8571552959355441,
      0.8568485729170568,
      0.8564882571950103,
      0.8563806425892946,
      0.8562872278870959,
      0.8561818507133108,
      0.8561663081248602,
      0.8560765886848624,
      0.8558096418326552,
      0.8555949621579864,
      0.8555916507135738,
      0.8556082993745804,
      0.8556815076506499,
      0.8558026987946394,
      0.8561779364491954,
      0.8564250128287257,
      0.8568282362186548,
      0.8572871088981628,
      0.85754929008809,
      0.8575751957568255,
      0.8574322055686604,
      0.857114303066875,
      0.8572194896864168,
      0.857427814693162,
      0.8574236638166688,
      0.8576327453960072,
      0.8574996857029019,
      0.8575250093232502,
      0.8579653476675352,
      0.8584574221661596,
      0.8586849960865397,
      0.8588738759810274,
      0.8592671837770578,
      0.8597489527680657,
      0.8603025173599069,
      0.8605756703199763,
      0.8604905844637842,
      0.8601086254824292,
      0.8599845846042489,
      0.8598670952699401,
      0.8596871127233361,
      0.8594349631757447,
      0.8592899522998116,
      0.8591993652058371,
      0.8591773891539285,
      0.8590148226781325
    ],
    "form_validation": {
      "proper_frames": 0,
      "improper_frames": 922
    }
  }
}